-- phpMyAdmin SQL Dump
-- version 5.2.1
-- https://www.phpmyadmin.net/
--
-- Host: 127.0.0.1
-- Generation Time: Jun 15, 2024 at 12:35 PM
-- Server version: 10.4.32-MariaDB
-- PHP Version: 8.2.12

SET SQL_MODE = "NO_AUTO_VALUE_ON_ZERO";
START TRANSACTION;
SET time_zone = "+00:00";


/*!40101 SET @OLD_CHARACTER_SET_CLIENT=@@CHARACTER_SET_CLIENT */;
/*!40101 SET @OLD_CHARACTER_SET_RESULTS=@@CHARACTER_SET_RESULTS */;
/*!40101 SET @OLD_COLLATION_CONNECTION=@@COLLATION_CONNECTION */;
/*!40101 SET NAMES utf8mb4 */;

--
-- Database: `online_retailer_database`
--

-- --------------------------------------------------------

--
-- Table structure for table `customers`
--

CREATE TABLE `customers` (
  `customer_id` int(11) NOT NULL,
  `first_name` varchar(50) DEFAULT NULL,
  `last_name` varchar(50) DEFAULT NULL,
  `email` varchar(100) DEFAULT NULL
) ENGINE=InnoDB DEFAULT CHARSET=utf8mb4 COLLATE=utf8mb4_general_ci;

--
-- Dumping data for table `customers`
--

INSERT INTO `customers` (`customer_id`, `first_name`, `last_name`, `email`) VALUES
(1, 'Shah Rukh', 'Khan', 'srk@example.com'),
(2, 'Amitabh', 'Bachchan', 'amitabh@example.com'),
(3, 'Priyanka', 'Chopra', 'priyanka@example.com'),
(4, 'Deepika', 'Padukone', 'deepika@example.com'),
(5, 'Ranbir', 'Kapoor', 'ranbir@example.com');

-- --------------------------------------------------------

--
-- Table structure for table `orders`
--

CREATE TABLE `orders` (
  `order_id` int(11) NOT NULL,
  `customer_id` int(11) DEFAULT NULL,
  `order_date` date DEFAULT NULL
) ENGINE=InnoDB DEFAULT CHARSET=utf8mb4 COLLATE=utf8mb4_general_ci;

--
-- Dumping data for table `orders`
--

INSERT INTO `orders` (`order_id`, `customer_id`, `order_date`) VALUES
(1, 1, '2024-06-01'),
(2, 2, '2024-06-05'),
(3, 3, '2024-06-10'),
(4, 4, '2024-06-15'),
(5, 5, '2024-06-20');

-- --------------------------------------------------------

--
-- Table structure for table `order_items`
--

CREATE TABLE `order_items` (
  `order_item_id` int(11) NOT NULL,
  `order_id` int(11) DEFAULT NULL,
  `product_id` int(11) DEFAULT NULL,
  `quantity` int(11) DEFAULT NULL,
  `price` decimal(10,2) DEFAULT NULL
) ENGINE=InnoDB DEFAULT CHARSET=utf8mb4 COLLATE=utf8mb4_general_ci;

--
-- Dumping data for table `order_items`
--

INSERT INTO `order_items` (`order_item_id`, `order_id`, `product_id`, `quantity`, `price`) VALUES
(1, 1, 1, 1, 1000.00),
(2, 1, 4, 2, 200.00),
(3, 2, 2, 1, 500.00),
(4, 3, 3, 3, 900.00),
(5, 4, 5, 2, 400.00),
(6, 5, 1, 1, 1000.00),
(7, 5, 2, 1, 500.00);

-- --------------------------------------------------------

--
-- Table structure for table `products`
--

CREATE TABLE `products` (
  `product_id` int(11) NOT NULL,
  `product_name` varchar(100) DEFAULT NULL,
  `price` decimal(10,2) DEFAULT NULL
) ENGINE=InnoDB DEFAULT CHARSET=utf8mb4 COLLATE=utf8mb4_general_ci;

--
-- Dumping data for table `products`
--

INSERT INTO `products` (`product_id`, `product_name`, `price`) VALUES
(1, 'Laptop', 1000.00),
(2, 'Smartphone', 500.00),
(3, 'Tablet', 300.00),
(4, 'Headphones', 100.00),
(5, 'Smartwatch', 200.00);

--
-- Indexes for dumped tables
--

--
-- Indexes for table `customers`
--
ALTER TABLE `customers`
  ADD PRIMARY KEY (`customer_id`);

--
-- Indexes for table `orders`
--
ALTER TABLE `orders`
  ADD PRIMARY KEY (`order_id`),
  ADD KEY `customer_id` (`customer_id`);

--
-- Indexes for table `order_items`
--
ALTER TABLE `order_items`
  ADD PRIMARY KEY (`order_item_id`),
  ADD KEY `order_id` (`order_id`),
  ADD KEY `product_id` (`product_id`);

--
-- Indexes for table `products`
--
ALTER TABLE `products`
  ADD PRIMARY KEY (`product_id`);

--
-- Constraints for dumped tables
--

--
-- Constraints for table `orders`
--
ALTER TABLE `orders`
  ADD CONSTRAINT `orders_ibfk_1` FOREIGN KEY (`customer_id`) REFERENCES `customers` (`customer_id`);

--
-- Constraints for table `order_items`
--
ALTER TABLE `order_items`
  ADD CONSTRAINT `order_items_ibfk_1` FOREIGN KEY (`order_id`) REFERENCES `orders` (`order_id`),
  ADD CONSTRAINT `order_items_ibfk_2` FOREIGN KEY (`product_id`) REFERENCES `products` (`product_id`);
COMMIT;

/*!40101 SET CHARACTER_SET_CLIENT=@OLD_CHARACTER_SET_CLIENT */;
/*!40101 SET CHARACTER_SET_RESULTS=@OLD_CHARACTER_SET_RESULTS */;
/*!40101 SET COLLATION_CONNECTION=@OLD_COLLATION_CONNECTION */;
